video_id,target,event_seconds,event_position,control_seconds,control_position,position_distance,event_after_minus_before,matched_control_after_minus_before,difference_in_differences
-fRMN3Rh398,audienceWatchRatio,40.0,0.8092155369383092,30.0,0.6188118811881188,0.19040365575019036,-0.028791960000000005,-0.04338117600000069,0.014589216000000682
-fRMN3Rh398,relativeRetentionPerformance,40.0,0.8092155369383092,30.0,0.6188118811881188,0.19040365575019036,-0.005481432000000008,0.04657565999999952,-0.05205709199999953
-fRMN3Rh398,exit_intensity,40.0,0.8092155369383092,30.0,0.6188118811881188,0.19040365575019036,0.0177449918374748,0.0024758495057484,0.0152691423317264
-puzCOdN5uI,audienceWatchRatio,5.0,0.1538777185063602,15.0,0.359048009848174,0.20517029134181378,-0.2593524439999997,-0.09234283599999982,-0.16700960799999987
-puzCOdN5uI,relativeRetentionPerformance,5.0,0.1538777185063602,15.0,0.359048009848174,0.20517029134181378,-0.05558783199999978,0.028943386000000126,-0.08453121799999991
-puzCOdN5uI,exit_intensity,5.0,0.1538777185063602,15.0,0.359048009848174,0.20517029134181378,0.004422501010570498,-0.0085893269613227,0.013011827971893198
0RHQCKfrano,audienceWatchRatio,45.0,0.7940488131059846,35.0,0.6268806419257773,0.16716817118020733,-0.0220976080000006,-0.031460348000000804,0.009362740000000203
0RHQCKfrano,relativeRetentionPerformance,45.0,0.7940488131059846,35.0,0.6268806419257773,0.16716817118020733,0.018185139999998934,0.10889615799999908,-0.09071101800000014
0RHQCKfrano,exit_intensity,45.0,0.7940488131059846,35.0,0.6268806419257773,0.16716817118020733,-0.0012888091412688995,-0.0012095983423144009,-7.921079895449861e-05
0Xh7y2n8S5c,audienceWatchRatio,30.0,0.6481850817710411,20.0,0.4487435181491823,0.19944156362185878,-0.037175975999999666,-0.05678478799999975,0.019608812000000087
0Xh7y2n8S5c,relativeRetentionPerformance,30.0,0.6481850817710411,20.0,0.4487435181491823,0.19944156362185878,0.016310070000000287,0.048183860000000356,-0.03187379000000007
0Xh7y2n8S5c,exit_intensity,30.0,0.6481850817710411,20.0,0.4487435181491823,0.19944156362185878,0.004779791113246501,-0.002730086990113201,0.007509878103359702
0fbHsFfMn2g,audienceWatchRatio,5.0,0.1883475640381717,15.0,0.4394776494224008,0.2511300853842291,-0.27183484399999935,-0.09377166400000042,-0.17806317999999893
0fbHsFfMn2g,relativeRetentionPerformance,5.0,0.1883475640381717,15.0,0.4394776494224008,0.2511300853842291,-0.054262411999999705,0.04751333999999979,-0.1017757519999995
0fbHsFfMn2g,exit_intensity,5.0,0.1883475640381717,15.0,0.4394776494224008,0.2511300853842291,0.0072485594616891,-0.010041344245663398,0.0172899037073525
22jxeSLOhq0,audienceWatchRatio,5.0,0.0555637872277374,15.0,0.1296488368647207,0.0740850496369833,-0.24066289200000035,-0.08890029999999982,-0.15176259200000053
22jxeSLOhq0,relativeRetentionPerformance,5.0,0.0555637872277374,15.0,0.1296488368647207,0.0740850496369833,-0.11675209799999992,0.022953156000000113,-0.13970525400000003
22jxeSLOhq0,exit_intensity,5.0,0.0555637872277374,15.0,0.1296488368647207,0.0740850496369833,0.0240513212239052,-0.019794034972964603,0.0438453561968698
22jxeSLOhq0,audienceWatchRatio,30.0,0.2407764113201956,20.0,0.1666913616832123,0.07408504963698329,-0.015081491999999974,-0.046025775999999685,0.03094428399999971
22jxeSLOhq0,relativeRetentionPerformance,30.0,0.2407764113201956,20.0,0.1666913616832123,0.07408504963698329,0.07052260400000021,0.037560738000000204,0.032961866000000006
22jxeSLOhq0,exit_intensity,30.0,0.2407764113201956,20.0,0.1666913616832123,0.07408504963698329,0.0010731080567833017,0.0027187611762194003,-0.0016456531194360986
22jxeSLOhq0,audienceWatchRatio,65.0,0.500074085049637,75.0,0.5741591346866203,0.07408504963698326,-0.005541316000000407,-0.008586403999998993,0.003045087999998586
22jxeSLOhq0,relativeRetentionPerformance,65.0,0.500074085049637,75.0,0.5741591346866203,0.07408504963698326,-0.06333554000000086,0.04114583800000171,-0.10448137800000257
22jxeSLOhq0,exit_intensity,65.0,0.500074085049637,75.0,0.5741591346866203,0.07408504963698326,-0.0012279040743644002,-0.005346928961913099,0.004119024887548698
2TM1zFIs3qs,audienceWatchRatio,45.0,0.7914028657114295,35.0,0.6247917360879707,0.1666111296234588,-0.006129115999999997,-0.0165855240000001,0.010456408000000104
2TM1zFIs3qs,relativeRetentionPerformance,45.0,0.7914028657114295,35.0,0.6247917360879707,0.1666111296234588,0.05252532800000009,0.025947001999999386,0.026578326000000707
2TM1zFIs3qs,exit_intensity,45.0,0.7914028657114295,35.0,0.6247917360879707,0.1666111296234588,0.0287164673006329,0.0043501068179514005,0.0243663604826815
2wpUQ2BC8h4,audienceWatchRatio,5.0,0.1257967125125796,15.0,0.2935256625293526,0.167728950016773,-0.2941826799999999,-0.09372391200000035,-0.20045876799999957
2wpUQ2BC8h4,relativeRetentionPerformance,5.0,0.1257967125125796,15.0,0.2935256625293526,0.167728950016773,-0.03908916199999998,0.0107118179999999,-0.049800979999999884
2wpUQ2BC8h4,exit_intensity,5.0,0.1257967125125796,15.0,0.2935256625293526,0.167728950016773,0.0214558766319421,-0.0016907534520167987,0.0231466300839589
3mwmZmTKuiY,audienceWatchRatio,30.0,0.8032624814631735,20.0,0.5561047948591201,0.24715768660405335,-0.06017409599999979,-0.07859653600000044,0.01842244000000065
3mwmZmTKuiY,relativeRetentionPerformance,30.0,0.8032624814631735,20.0,0.5561047948591201,0.24715768660405335,0.054992462000000464,0.03145003799999979,0.023542424000000672
3mwmZmTKuiY,exit_intensity,30.0,0.8032624814631735,20.0,0.5561047948591201,0.24715768660405335,0.0060925290194941,0.0034156299504441018,0.0026768990690499983
4qh8AAzFeuk,audienceWatchRatio,20.0,0.4977876106194689,10.0,0.2765486725663716,0.2212389380530973,-0.07568056000000017,-0.23068352000000014,0.15500295999999997
4qh8AAzFeuk,relativeRetentionPerformance,20.0,0.4977876106194689,10.0,0.2765486725663716,0.2212389380530973,0.0255542799999999,0.02084596000000008,0.0047083199999998215
4qh8AAzFeuk,exit_intensity,20.0,0.4977876106194689,10.0,0.2765486725663716,0.2212389380530973,-0.0035287881237884983,-0.021615145724014302,0.018086357600225804
4vmth5Lxug8,audienceWatchRatio,25.0,0.560081466395112,15.0,0.3564154786150713,0.20366598778004075,-0.03759008000000008,-0.08569490000000013,0.04810482000000005
4vmth5Lxug8,relativeRetentionPerformance,25.0,0.560081466395112,15.0,0.3564154786150713,0.20366598778004075,0.03223043000000014,0.03715763999999988,-0.004927209999999738
4vmth5Lxug8,exit_intensity,25.0,0.560081466395112,15.0,0.3564154786150713,0.20366598778004075,-0.0003253866202508997,-0.008779400262476901,0.008454013642226001
6DpT1njxEjQ,audienceWatchRatio,30.0,0.5413057961359095,40.0,0.7078614257161893,0.1665556295802798,-0.01371571199999988,-0.030385303999999808,0.016669591999999928
6DpT1njxEjQ,relativeRetentionPerformance,30.0,0.5413057961359095,40.0,0.7078614257161893,0.1665556295802798,0.05893298000000041,0.01093263200000072,0.04800034799999969
6DpT1njxEjQ,exit_intensity,30.0,0.5413057961359095,40.0,0.7078614257161893,0.1665556295802798,0.0052380686497578,-3.0849057024199926e-05,0.005268917706782
6rtsYrXEbu0,audienceWatchRatio,5.0,0.1858275520317145,15.0,0.433597621407334,0.2477700693756195,-0.15757179999999893,-0.07945777599999992,-0.078114023999999
6rtsYrXEbu0,relativeRetentionPerformance,5.0,0.1858275520317145,15.0,0.433597621407334,0.2477700693756195,-0.04358791199999962,-0.030075699999999983,-0.013512211999999635
6rtsYrXEbu0,exit_intensity,5.0,0.1858275520317145,15.0,0.433597621407334,0.2477700693756195,0.0026449645304763014,-0.00048480766944799907,0.0031297721999243005
7mdrxxlj5t4,audienceWatchRatio,40.0,0.7766812865497076,30.0,0.5939327485380117,0.18274853801169588,-0.02905961600000001,-0.039224607999999495,0.010164991999999484
7mdrxxlj5t4,relativeRetentionPerformance,40.0,0.7766812865497076,30.0,0.5939327485380117,0.18274853801169588,0.007808192000000103,0.036132048000000694,-0.02832385600000059
7mdrxxlj5t4,exit_intensity,40.0,0.7766812865497076,30.0,0.5939327485380117,0.18274853801169588,0.0079825120774465,0.0060008014988939,0.0019817105785525993
8SQ4zsXn5dw,audienceWatchRatio,5.0,0.1354279523293607,15.0,0.3159985554351751,0.18057060310581438,-0.2877637239999996,-0.0754697199999998,-0.21229400399999981
8SQ4zsXn5dw,relativeRetentionPerformance,5.0,0.1354279523293607,15.0,0.3159985554351751,0.18057060310581438,-0.05125742999999999,0.017567094000000116,-0.06882452400000011
8SQ4zsXn5dw,exit_intensity,5.0,0.1354279523293607,15.0,0.3159985554351751,0.18057060310581438,0.0271560136745464,-0.018069117909865,0.045225131584411396
8teFEzDEMho,audienceWatchRatio,20.0,0.3986534372785258,10.0,0.2214741318214032,0.17717930545712263,-0.051779664000000225,-0.15964811999999962,0.10786845599999939
8teFEzDEMho,relativeRetentionPerformance,20.0,0.3986534372785258,10.0,0.2214741318214032,0.17717930545712263,0.04116656399999996,0.030336048000000115,0.010830515999999846
8teFEzDEMho,exit_intensity,20.0,0.3986534372785258,10.0,0.2214741318214032,0.17717930545712263,-0.006920639961920098,-0.026973421619211197,0.0200527816572911
8trNqGjiHY8,audienceWatchRatio,65.0,0.8399701343952215,55.0,0.7155301144848183,0.12444001991040321,-0.023140559999999893,-0.01907544800000041,-0.004065111999999482
8trNqGjiHY8,relativeRetentionPerformance,65.0,0.8399701343952215,55.0,0.7155301144848183,0.12444001991040321,-0.004298460000000115,-0.021903228000000885,0.01760476800000077
8trNqGjiHY8,exit_intensity,65.0,0.8399701343952215,55.0,0.7155301144848183,0.12444001991040321,0.0006719114596278018,-0.0018846155578305015,0.0025565270174583033
8trNqGjiHY8,audienceWatchRatio,10.0,0.1555500248880039,20.0,0.2799900447984071,0.12444001991040321,-0.17836224799999933,-0.05237023199999996,-0.12599201599999937
8trNqGjiHY8,relativeRetentionPerformance,10.0,0.1555500248880039,20.0,0.2799900447984071,0.12444001991040321,0.04119068400000048,0.037796892000000026,0.0033937920000004507
8trNqGjiHY8,exit_intensity,10.0,0.1555500248880039,20.0,0.2799900447984071,0.12444001991040321,-0.021314695505532704,-0.006284562779217202,-0.015030132726315502
9N0NO4xp7jc,audienceWatchRatio,5.0,0.162057044079516,15.0,0.378133102852204,0.21607605877268798,-0.19375972799999985,-0.03647482400000024,-0.15728490399999961
9N0NO4xp7jc,relativeRetentionPerformance,5.0,0.162057044079516,15.0,0.378133102852204,0.21607605877268798,-0.044883443999999884,0.037533155999999845,-0.08241659999999973
9N0NO4xp7jc,exit_intensity,5.0,0.162057044079516,15.0,0.378133102852204,0.21607605877268798,-0.0072017149655364005,-0.0033721254306734996,-0.003829589534862901
BWm7ww7pja8,audienceWatchRatio,45.0,0.7914028657114295,35.0,0.6247917360879707,0.1666111296234588,-0.03272837200000017,-0.03651338800000048,0.0037850160000003075
BWm7ww7pja8,relativeRetentionPerformance,45.0,0.7914028657114295,35.0,0.6247917360879707,0.1666111296234588,0.009048265999999971,0.02879781399999931,-0.01974954799999934
BWm7ww7pja8,exit_intensity,45.0,0.7914028657114295,35.0,0.6247917360879707,0.1666111296234588,-0.002629616104188201,0.0115663830964001,-0.0141959992005883
CBxo5uxUQXo,audienceWatchRatio,5.0,0.1450676982591876,15.0,0.3384912959381044,0.1934235976789168,-0.22013047999999924,-0.1089435800000006,-0.11118689999999865
CBxo5uxUQXo,relativeRetentionPerformance,5.0,0.1450676982591876,15.0,0.3384912959381044,0.1934235976789168,-0.07411381999999977,0.01691411999999981,-0.09102793999999959
CBxo5uxUQXo,exit_intensity,5.0,0.1450676982591876,15.0,0.3384912959381044,0.1934235976789168,0.005913332014725197,-0.004634121944077901,0.010547453958803098
CrgcxgTNoBc,audienceWatchRatio,25.0,0.3576072821846554,35.0,0.4876462938881664,0.130039011703511,-0.05812434,-0.018424940000000778,-0.03969939999999922
CrgcxgTNoBc,relativeRetentionPerformance,25.0,0.3576072821846554,35.0,0.4876462938881664,0.130039011703511,0.017500400000000027,0.023022139999999414,-0.005521739999999387
CrgcxgTNoBc,exit_intensity,25.0,0.3576072821846554,35.0,0.4876462938881664,0.130039011703511,-0.006956282663007402,-0.0039061871392609,-0.003050095523746502
CvYbSG6D7UI,audienceWatchRatio,5.0,0.1275944198707043,15.0,0.2977203130316434,0.17012589316093912,-0.18699713999999978,-0.05766509999999958,-0.1293320400000002
CvYbSG6D7UI,relativeRetentionPerformance,5.0,0.1275944198707043,15.0,0.2977203130316434,0.17012589316093912,-0.062380411999999774,0.0179264800000003,-0.08030689200000007
CvYbSG6D7UI,exit_intensity,5.0,0.1275944198707043,15.0,0.2977203130316434,0.17012589316093912,0.0037369673814425,-0.0002304116326677999,0.0039673790141103
FWkGHZKBb_Q,audienceWatchRatio,45.0,0.829549423681453,35.0,0.6549074397485156,0.1746419839329374,-0.006371019999999894,-0.014858476000000106,0.008487456000000212
FWkGHZKBb_Q,relativeRetentionPerformance,45.0,0.829549423681453,35.0,0.6549074397485156,0.1746419839329374,0.017095460000000506,0.0570400919999996,-0.03994463199999909
FWkGHZKBb_Q,exit_intensity,45.0,0.829549423681453,35.0,0.6549074397485156,0.1746419839329374,0.0075376322854608,-0.0034035199489011996,0.010941152234362
FwQFHfUKVm0,audienceWatchRatio,5.0,0.2170138888888888,15.0,0.5063657407407407,0.28935185185185186,-0.2703938559999993,-0.06753299199999996,-0.20286086399999936
FwQFHfUKVm0,relativeRetentionPerformance,5.0,0.2170138888888888,15.0,0.5063657407407407,0.28935185185185186,-0.05324054399999961,0.044391872000000165,-0.09763241599999978
FwQFHfUKVm0,exit_intensity,5.0,0.2170138888888888,15.0,0.5063657407407407,0.28935185185185186,0.0068390591856599,-1.6310828184899415e-05,0.0068553700138448
Gbmi5k4Gd-k,audienceWatchRatio,5.0,0.1783166904422254,15.0,0.4160722776985259,0.2377555872563005,-0.14365210399999917,-0.06210949599999949,-0.08154260799999968
Gbmi5k4Gd-k,relativeRetentionPerformance,5.0,0.1783166904422254,15.0,0.4160722776985259,0.2377555872563005,-0.0523752619999997,-0.022015363999999704,-0.030359897999999996
Gbmi5k4Gd-k,exit_intensity,5.0,0.1783166904422254,15.0,0.4160722776985259,0.2377555872563005,-0.0010715097556638995,-0.0009563713388954006,-0.00011513841676849892
H8ALzUVqAPQ,audienceWatchRatio,40.0,0.7347856154910096,30.0,0.5618948824343015,0.1728907330567081,-0.032046208000000215,-0.030644895999999894,-0.001401312000000321
H8ALzUVqAPQ,relativeRetentionPerformance,40.0,0.7347856154910096,30.0,0.5618948824343015,0.1728907330567081,0.03228991999999947,0.03748612000000032,-0.005196200000000845
H8ALzUVqAPQ,exit_intensity,40.0,0.7347856154910096,30.0,0.5618948824343015,0.1728907330567081,-0.010529337342774902,-0.0095052681083743,-0.001024069234400602
HZ2gG0rpwKU,audienceWatchRatio,25.0,0.6730298580518845,35.0,0.9177679882525698,0.24473813020068524,-0.024224707999999984,-0.10018574000000058,0.0759610320000006
HZ2gG0rpwKU,relativeRetentionPerformance,25.0,0.6730298580518845,35.0,0.9177679882525698,0.24473813020068524,0.06271537799999999,-0.00019225800000066684,0.06290763600000066
HZ2gG0rpwKU,exit_intensity,25.0,0.6730298580518845,35.0,0.9177679882525698,0.24473813020068524,0.0022912137384282997,0.034611326113019,-0.032320112374590704
Hoq6-PsFCYs,audienceWatchRatio,5.0,0.1518218623481781,15.0,0.354251012145749,0.2024291497975709,-0.23226247999999972,-0.10084824000000003,-0.13141423999999968
Hoq6-PsFCYs,relativeRetentionPerformance,5.0,0.1518218623481781,15.0,0.354251012145749,0.2024291497975709,-0.13634049999999986,0.012073919999999988,-0.14841441999999985
Hoq6-PsFCYs,exit_intensity,5.0,0.1518218623481781,15.0,0.354251012145749,0.2024291497975709,0.004279855922774502,-0.0078095471732086,0.012089403095983102
IMVPu2P7jTg,audienceWatchRatio,45.0,0.7914028657114295,35.0,0.6247917360879707,0.1666111296234588,-0.026948004000000136,-0.023942476000000767,-0.003005527999999369
IMVPu2P7jTg,relativeRetentionPerformance,45.0,0.7914028657114295,35.0,0.6247917360879707,0.1666111296234588,-0.04745313800000006,0.04875327399999918,-0.09620641199999924
IMVPu2P7jTg,exit_intensity,45.0,0.7914028657114295,35.0,0.6247917360879707,0.1666111296234588,0.0042208571321691,0.006346313772306499,-0.002125456640137399
IYZfIQUAhwA,audienceWatchRatio,5.0,0.1331203407880724,15.0,0.3106141285055023,0.1774937877174299,-0.31176844800000003,-0.05638590799999976,-0.25538254000000027
IYZfIQUAhwA,relativeRetentionPerformance,5.0,0.1331203407880724,15.0,0.3106141285055023,0.1774937877174299,-0.056899543999999885,0.044895384000000094,-0.10179492799999998
IYZfIQUAhwA,exit_intensity,5.0,0.1331203407880724,15.0,0.3106141285055023,0.1774937877174299,0.014913051861191899,-0.0053483005758489,0.0202613524370408
J9u57AavaXE,audienceWatchRatio,80.0,0.8651426174496645,60.0,0.6554110738255033,0.20973154362416113,-0.022005792000000496,-0.01755583999999938,-0.004449952000001117
J9u57AavaXE,relativeRetentionPerformance,80.0,0.8651426174496645,60.0,0.6554110738255033,0.20973154362416113,-0.02135140800000168,-0.017184799999998335,-0.004166608000003347
J9u57AavaXE,exit_intensity,80.0,0.8651426174496645,60.0,0.6554110738255033,0.20973154362416113,0.015776123940023503,0.0072778476434936,0.008498276296529904
J9u57AavaXE,audienceWatchRatio,70.0,0.7602768456375839,60.0,0.6554110738255033,0.10486577181208057,-0.007560351999999909,-0.01755583999999938,0.00999548799999947
J9u57AavaXE,relativeRetentionPerformance,70.0,0.7602768456375839,60.0,0.6554110738255033,0.10486577181208057,0.015062800000000043,-0.017184799999998335,0.03224759999999838
J9u57AavaXE,exit_intensity,70.0,0.7602768456375839,60.0,0.6554110738255033,0.10486577181208057,-0.0027257914717487,0.0072778476434936,-0.0100036391152423
KAT-arFFcPA,audienceWatchRatio,5.0,0.2589779005524862,15.0,0.6042817679558011,0.3453038674033149,-0.3039970239999996,-0.12830851199999938,-0.17568851200000024
KAT-arFFcPA,relativeRetentionPerformance,5.0,0.2589779005524862,15.0,0.6042817679558011,0.3453038674033149,-0.0256437279999997,0.013657888000000562,-0.03930161600000026
KAT-arFFcPA,exit_intensity,5.0,0.2589779005524862,15.0,0.6042817679558011,0.3453038674033149,0.0055741921275784985,-0.00034599817978950113,0.005920190307368
KCeMor37a-g,audienceWatchRatio,5.0,0.1887267237040764,15.0,0.4403623553095118,0.2516356316054354,-0.18930445599999934,-0.04212041200000061,-0.14718404399999874
KCeMor37a-g,relativeRetentionPerformance,5.0,0.1887267237040764,15.0,0.4403623553095118,0.2516356316054354,-0.053124823999999626,0.00905811199999973,-0.062182935999999356
KCeMor37a-g,exit_intensity,5.0,0.1887267237040764,15.0,0.4403623553095118,0.2516356316054354,-0.016034490695000698,-0.0003047895454810004,-0.015729701149519697
KdbWaBQGCnA,audienceWatchRatio,25.0,0.2576836581709145,15.0,0.1639805097451274,0.09370314842578709,-0.037376479999999934,-0.09636198400000007,0.05898550400000013
KdbWaBQGCnA,relativeRetentionPerformance,25.0,0.2576836581709145,15.0,0.1639805097451274,0.09370314842578709,0.05079124800000007,-0.003956815999999974,0.05474806400000004
KdbWaBQGCnA,exit_intensity,25.0,0.2576836581709145,15.0,0.1639805097451274,0.09370314842578709,-0.003421773904752701,0.009186778920872898,-0.0126085528256256
KdbWaBQGCnA,audienceWatchRatio,85.0,0.8199025487256372,75.0,0.7261994002998501,0.09370314842578709,-0.018483007999999024,-0.0124382400000011,-0.006044767999997924
KdbWaBQGCnA,relativeRetentionPerformance,85.0,0.8199025487256372,75.0,0.7261994002998501,0.09370314842578709,-0.04743326399999881,0.004513935999998553,-0.05194719999999736
KdbWaBQGCnA,exit_intensity,85.0,0.8199025487256372,75.0,0.7261994002998501,0.09370314842578709,0.012925655752076801,0.0022794227015983017,0.0106462330504785
KnZ6uWT3aVU,audienceWatchRatio,5.0,0.18536826495304,15.0,0.4325259515570934,0.24715768660405338,-0.29229705999999933,-0.08857620799999977,-0.20372085199999956
KnZ6uWT3aVU,relativeRetentionPerformance,5.0,0.18536826495304,15.0,0.4325259515570934,0.24715768660405338,-0.055348925999999715,0.03670070800000022,-0.09204963399999994
KnZ6uWT3aVU,exit_intensity,5.0,0.18536826495304,15.0,0.4325259515570934,0.24715768660405338,0.0092593470750311,-0.004806853084091501,0.014066200159122601
L1n_yQPph8E,audienceWatchRatio,5.0,0.1193887297039159,15.0,0.2785737026424705,0.1591849729385546,-0.047504072000000064,-0.03350854400000036,-0.013995527999999702
L1n_yQPph8E,relativeRetentionPerformance,5.0,0.1193887297039159,15.0,0.2785737026424705,0.1591849729385546,0.004283023999999913,0.020721351999999804,-0.01643832799999989
L1n_yQPph8E,exit_intensity,5.0,0.1193887297039159,15.0,0.2785737026424705,0.1591849729385546,0.0106185017699548,-0.0024971176926327,0.0131156194625875
L1n_yQPph8E,audienceWatchRatio,45.0,0.7561286214581343,55.0,0.9153135943966888,0.1591849729385545,-0.011459472000001192,-0.010535764000000003,-0.0009237080000011888
L1n_yQPph8E,relativeRetentionPerformance,45.0,0.7561286214581343,55.0,0.9153135943966888,0.1591849729385545,-8.259600000082301e-05,0.00040758200000001743,-0.0004901780000008404
L1n_yQPph8E,exit_intensity,45.0,0.7561286214581343,55.0,0.9153135943966888,0.1591849729385545,-0.0001306075082123997,5.815438148070004e-05,-0.00018876188969309976
LXn7KUXY_OQ,audienceWatchRatio,30.0,0.5630630630630631,40.0,0.7363132363132363,0.17325017325017322,-0.06621481599999979,-0.030133424000000214,-0.036081391999999574
LXn7KUXY_OQ,relativeRetentionPerformance,30.0,0.5630630630630631,40.0,0.7363132363132363,0.17325017325017322,0.03456297600000008,0.03989266399999958,-0.0053296879999994995
LXn7KUXY_OQ,exit_intensity,30.0,0.5630630630630631,40.0,0.7363132363132363,0.17325017325017322,0.0272727914773643,-0.0009635720845833987,0.028236363561947697
M1sO0amCuOA,audienceWatchRatio,5.0,0.1268606224627875,15.0,0.2960081190798376,0.16914749661705009,-0.19722264,-0.043014912000000516,-0.1542077279999995
M1sO0amCuOA,relativeRetentionPerformance,5.0,0.1268606224627875,15.0,0.2960081190798376,0.16914749661705009,-0.04154997599999999,0.061681527999999874,-0.10323150399999986
M1sO0amCuOA,exit_intensity,5.0,0.1268606224627875,15.0,0.2960081190798376,0.16914749661705009,0.007115359761545998,-0.0050549046467057,0.012170264408251698
OVpDk70gOE0,audienceWatchRatio,5.0,0.1516990291262136,15.0,0.3539644012944984,0.2022653721682848,-0.24554870399999895,-0.09865395199999982,-0.14689475199999913
OVpDk70gOE0,relativeRetentionPerformance,5.0,0.1516990291262136,15.0,0.3539644012944984,0.2022653721682848,-0.04959124799999948,0.004588656000000135,-0.05417990399999961
OVpDk70gOE0,exit_intensity,5.0,0.1516990291262136,15.0,0.3539644012944984,0.2022653721682848,0.003786697148905801,0.0010776326982832995,0.0027090644506225017
OjT8vrPfNIM,audienceWatchRatio,5.0,0.2303439803439803,15.0,0.5374692874692875,0.30712530712530717,-0.2205878559999992,-0.059449024000000295,-0.1611388319999989
OjT8vrPfNIM,relativeRetentionPerformance,5.0,0.2303439803439803,15.0,0.5374692874692875,0.30712530712530717,-0.045772607999999604,0.01613541599999979,-0.061908023999999395
OjT8vrPfNIM,exit_intensity,5.0,0.2303439803439803,15.0,0.5374692874692875,0.30712530712530717,-0.0015602573055884007,-0.0007818720456995,-0.0007783852598889007
OlHZMW16lpQ,audienceWatchRatio,5.0,0.1250416805601867,15.0,0.2917639213071024,0.1667222407469157,-0.24757283600000024,-0.053545092000000016,-0.19402774400000022
OlHZMW16lpQ,relativeRetentionPerformance,5.0,0.1250416805601867,15.0,0.2917639213071024,0.1667222407469157,-0.0599924919999999,0.06328904400000013,-0.12328153600000002
OlHZMW16lpQ,exit_intensity,5.0,0.1250416805601867,15.0,0.2917639213071024,0.1667222407469157,0.0152541680617099,-0.0012021387226897,0.016456306784399598
P9n3oy1kfGw,audienceWatchRatio,25.0,0.4469364537623923,35.0,0.6094588005850804,0.16252234682268807,-0.0492895340000003,-0.039356798000000415,-0.009932735999999887
P9n3oy1kfGw,relativeRetentionPerformance,25.0,0.4469364537623923,35.0,0.6094588005850804,0.16252234682268807,0.0492353439999999,0.0733517899999993,-0.024116445999999403
P9n3oy1kfGw,exit_intensity,25.0,0.4469364537623923,35.0,0.6094588005850804,0.16252234682268807,-0.013618945123469402,-0.0046357514339466,-0.008983193689522802
P9n3oy1kfGw,audienceWatchRatio,50.0,0.8532423208191127,40.0,0.6907199739964245,0.16252234682268818,-0.012721854000000421,-0.015593365999999609,0.002871511999999188
P9n3oy1kfGw,relativeRetentionPerformance,50.0,0.8532423208191127,40.0,0.6907199739964245,0.16252234682268818,0.05320168599999908,0.1024643000000009,-0.049262614000001814
P9n3oy1kfGw,exit_intensity,50.0,0.8532423208191127,40.0,0.6907199739964245,0.16252234682268818,0.0075650512361181005,0.004434926003168098,0.0031301252329500023
PHRqJHT8yOg,audienceWatchRatio,35.0,0.4153743907842268,25.0,0.3046078865750997,0.11076650420912709,-0.07985095200000003,-0.042907120000000076,-0.036943831999999954
PHRqJHT8yOg,relativeRetentionPerformance,35.0,0.4153743907842268,25.0,0.3046078865750997,0.11076650420912709,-0.013420183999999946,-0.006608376000000027,-0.006811807999999919
PHRqJHT8yOg,exit_intensity,35.0,0.4153743907842268,25.0,0.3046078865750997,0.11076650420912709,0.008572459687098098,-0.0014378877796454026,0.0100103474667435
QqOwER4ZwZo,audienceWatchRatio,5.0,0.1551510136532891,15.0,0.3620190318576747,0.2068680182043856,-0.29861049999999967,-0.11139324800000011,-0.18721725199999956
QqOwER4ZwZo,relativeRetentionPerformance,5.0,0.1551510136532891,15.0,0.3620190318576747,0.2068680182043856,-0.06047817199999994,0.03931353999999998,-0.09979171199999992
QqOwER4ZwZo,exit_intensity,5.0,0.1551510136532891,15.0,0.3620190318576747,0.2068680182043856,0.014886984237974,-0.005646231902929698,0.0205332161409037
RYL4yXCtf8Q,audienceWatchRatio,10.0,0.251004016064257,20.0,0.4518072289156626,0.20080321285140562,-0.15455379999999952,-0.07218451999999997,-0.08236927999999955
RYL4yXCtf8Q,relativeRetentionPerformance,10.0,0.251004016064257,20.0,0.4518072289156626,0.20080321285140562,0.003684740000000186,0.034015580000000045,-0.03033083999999986
RYL4yXCtf8Q,exit_intensity,10.0,0.251004016064257,20.0,0.4518072289156626,0.20080321285140562,-0.0024297328258736997,-0.0007397464818732005,-0.0016899863440004992
RaCivbG0tZQ,audienceWatchRatio,35.0,0.81203984408835,25.0,0.59549588566479,0.21654395842356,-0.057117364000000614,-0.040692867999999605,-0.01642449600000101
RaCivbG0tZQ,relativeRetentionPerformance,35.0,0.81203984408835,25.0,0.59549588566479,0.21654395842356,0.05341076399999939,0.0199547460000003,0.03345601799999909
RaCivbG0tZQ,exit_intensity,35.0,0.81203984408835,25.0,0.59549588566479,0.21654395842356,0.0057388398975994,0.0017667485883036006,0.0039720913092957996
SDShEq_nhP8,audienceWatchRatio,5.0,0.1272048846675712,15.0,0.2968113975576662,0.169606512890095,-0.21688372800000022,-0.050225424000000185,-0.16665830400000003
SDShEq_nhP8,relativeRetentionPerformance,5.0,0.1272048846675712,15.0,0.2968113975576662,0.169606512890095,-0.04367727199999999,0.03878441599999988,-0.08246168799999987
SDShEq_nhP8,exit_intensity,5.0,0.1272048846675712,15.0,0.2968113975576662,0.169606512890095,0.0005694032565487991,0.0013912351055376995,-0.0008218318489889003
UUhVYWq5QVM,audienceWatchRatio,55.0,0.8235462618160986,45.0,0.6803208249785162,0.14322543683758238,-0.04605159999999908,-0.033686655999999426,-0.012364943999999656
UUhVYWq5QVM,relativeRetentionPerformance,55.0,0.8235462618160986,45.0,0.6803208249785162,0.14322543683758238,0.0036676100000014866,0.029756282000000744,-0.026088671999999258
UUhVYWq5QVM,exit_intensity,55.0,0.8235462618160986,45.0,0.6803208249785162,0.14322543683758238,0.013449680228069302,-0.0022436745553596985,0.015693354783429002
UUhVYWq5QVM,audienceWatchRatio,5.0,0.1074190776281867,15.0,0.2506445144657691,0.14322543683758238,-0.22366914400000004,-0.06363123599999976,-0.16003790800000028
UUhVYWq5QVM,relativeRetentionPerformance,5.0,0.1074190776281867,15.0,0.2506445144657691,0.14322543683758238,-0.08767020599999992,0.01992981800000021,-0.10760002400000013
UUhVYWq5QVM,exit_intensity,5.0,0.1074190776281867,15.0,0.2506445144657691,0.14322543683758238,-0.004475562889324301,-0.007055338866897002,0.002579775977572701
V-oS7WRxaV0,audienceWatchRatio,5.0,0.1922091235263967,15.0,0.4484879548949256,0.2562788313685289,-0.2506385799999995,-0.06248558400000015,-0.18815299599999935
V-oS7WRxaV0,relativeRetentionPerformance,5.0,0.1922091235263967,15.0,0.4484879548949256,0.2562788313685289,-0.04013729599999971,0.024513197999999792,-0.0646504939999995
V-oS7WRxaV0,exit_intensity,5.0,0.1922091235263967,15.0,0.4484879548949256,0.2562788313685289,-0.0033232334168205,0.0005348816762338997,-0.0038581150930543998
V9kMPX50BKs,audienceWatchRatio,5.0,0.1559900166389351,15.0,0.3639767054908486,0.2079866888519135,-0.2514572159999998,-0.08044030400000002,-0.1710169119999998
V9kMPX50BKs,relativeRetentionPerformance,5.0,0.1559900166389351,15.0,0.3639767054908486,0.2079866888519135,-0.05764944799999977,0.035273328000000104,-0.09292277599999987
V9kMPX50BKs,exit_intensity,5.0,0.1559900166389351,15.0,0.3639767054908486,0.2079866888519135,0.0086023363821865,0.002245854210843201,0.006356482171343299
VsS2ymfvSCs,audienceWatchRatio,5.0,0.1272480488632507,15.0,0.2969121140142517,0.16966406515100102,-0.1897906359999998,-0.0747232760000004,-0.1150673599999994
VsS2ymfvSCs,relativeRetentionPerformance,5.0,0.1272480488632507,15.0,0.2969121140142517,0.16966406515100102,-0.05086124600000003,0.00828740599999983,-0.05914865199999986
VsS2ymfvSCs,exit_intensity,5.0,0.1272480488632507,15.0,0.2969121140142517,0.16966406515100102,0.0007169300831667974,-0.0038572799628583,0.004574210046025097
W0BsNpZQy4w,audienceWatchRatio,5.0,0.1317638791286015,15.0,0.3074490513000703,0.17568517217146878,-0.367790776,-0.0936904639999998,-0.2741003120000002
W0BsNpZQy4w,relativeRetentionPerformance,5.0,0.1317638791286015,15.0,0.3074490513000703,0.17568517217146878,-0.037864831999999904,0.03703345200000019,-0.07489828400000009
W0BsNpZQy4w,exit_intensity,5.0,0.1317638791286015,15.0,0.3074490513000703,0.17568517217146878,0.0376835207749901,-0.007845080651197805,0.045528601426187906
W0NR_N8PGSg,audienceWatchRatio,10.0,0.2321693907875185,20.0,0.4179049034175334,0.1857355126300149,-0.17990987200000008,-0.06386456000000007,-0.11604531200000001
W0NR_N8PGSg,relativeRetentionPerformance,10.0,0.2321693907875185,20.0,0.4179049034175334,0.1857355126300149,0.04352365600000008,0.03728233600000008,0.006241319999999995
W0NR_N8PGSg,exit_intensity,10.0,0.2321693907875185,20.0,0.4179049034175334,0.1857355126300149,-0.016264766055686396,0.0010783218191390987,-0.017343087874825497
X6k6T8HGn9E,audienceWatchRatio,5.0,0.2204585537918871,15.0,0.51440329218107,0.29394473838918284,-0.321255595999999,-0.07919028400000006,-0.24206531199999892
X6k6T8HGn9E,relativeRetentionPerformance,5.0,0.2204585537918871,15.0,0.51440329218107,0.29394473838918284,-0.036929663999999696,0.03892875600000023,-0.07585841999999993
X6k6T8HGn9E,exit_intensity,5.0,0.2204585537918871,15.0,0.51440329218107,0.29394473838918284,0.0172750977754483,-0.0048495239300994,0.0221246217055477
Y6ojQvyzf3E,audienceWatchRatio,45.0,0.8061778682959946,35.0,0.6364562118126272,0.16972165648336734,-0.014186560000000098,-0.0371558880000003,0.022969328000000205
Y6ojQvyzf3E,relativeRetentionPerformance,45.0,0.8061778682959946,35.0,0.6364562118126272,0.16972165648336734,0.02512798000000016,0.08067625199999956,-0.0555482719999994
Y6ojQvyzf3E,exit_intensity,45.0,0.8061778682959946,35.0,0.6364562118126272,0.16972165648336734,0.0117533114934347,-0.0178290517801115,0.0295823632735462
YttWlUEoEE0,audienceWatchRatio,50.0,0.8484162895927602,40.0,0.6868131868131868,0.16160310277957335,-0.034203335999999585,-0.0150417679999994,-0.019161568000000184
YttWlUEoEE0,relativeRetentionPerformance,50.0,0.8484162895927602,40.0,0.6868131868131868,0.16160310277957335,-0.06472998799999946,0.014511544000000876,-0.07924153200000034
YttWlUEoEE0,exit_intensity,50.0,0.8484162895927602,40.0,0.6868131868131868,0.16160310277957335,-0.00022173200962839756,-0.0103607455034843,0.010139013493855903
as3jjFvJyaw,audienceWatchRatio,5.0,0.1913265306122449,15.0,0.4464285714285714,0.2551020408163265,-0.22574815999999887,-0.08003344000000012,-0.14571471999999874
as3jjFvJyaw,relativeRetentionPerformance,5.0,0.1913265306122449,15.0,0.4464285714285714,0.2551020408163265,-0.0344090399999995,0.05124360000000011,-0.08565263999999961
as3jjFvJyaw,exit_intensity,5.0,0.1913265306122449,15.0,0.4464285714285714,0.2551020408163265,0.0032443402929092004,-0.0068406141756610995,0.0100849544685703
asEe51-Hd3Y,audienceWatchRatio,15.0,0.2915694768410529,5.0,0.1249583472175941,0.16661112962345878,-0.07061039200000019,-0.2939961120000002,0.22338572
asEe51-Hd3Y,relativeRetentionPerformance,15.0,0.2915694768410529,5.0,0.1249583472175941,0.16661112962345878,0.04275379200000001,-0.04442596600000004,0.08717975800000005
asEe51-Hd3Y,exit_intensity,15.0,0.2915694768410529,5.0,0.1249583472175941,0.16661112962345878,-0.011684096615561999,0.0356676977561494,-0.0473517943717114
bWu4KwfpbmM,audienceWatchRatio,5.0,0.1650528169014084,15.0,0.3851232394366197,0.22007042253521128,-0.2620231039999996,-0.08074976000000023,-0.1812733439999994
bWu4KwfpbmM,relativeRetentionPerformance,5.0,0.1650528169014084,15.0,0.3851232394366197,0.22007042253521128,-0.05016735999999983,0.036083487999999886,-0.08625084799999971
bWu4KwfpbmM,exit_intensity,5.0,0.1650528169014084,15.0,0.3851232394366197,0.22007042253521128,0.009898555364383398,-0.007679882803104599,0.017578438167487997
bjdr2Usz3Mw,audienceWatchRatio,5.0,0.1391465677179963,15.0,0.3246753246753247,0.18552875695732837,-0.15801701999999984,-0.08469497999999998,-0.07332203999999987
bjdr2Usz3Mw,relativeRetentionPerformance,5.0,0.1391465677179963,15.0,0.3246753246753247,0.18552875695732837,-0.07292726999999982,0.00448049000000017,-0.07740775999999999
bjdr2Usz3Mw,exit_intensity,5.0,0.1391465677179963,15.0,0.3246753246753247,0.18552875695732837,0.0011367446515572008,-0.0036148842655453,0.004751628917102501
c5G6I0dzoLY,audienceWatchRatio,5.0,0.1785714285714285,15.0,0.4166666666666667,0.2380952380952382,-0.3007835999999995,-0.12274160000000012,-0.17804199999999937
c5G6I0dzoLY,relativeRetentionPerformance,5.0,0.1785714285714285,15.0,0.4166666666666667,0.2380952380952382,-0.016740599999999495,0.02002879999999979,-0.036769399999999286
c5G6I0dzoLY,exit_intensity,5.0,0.1785714285714285,15.0,0.4166666666666667,0.2380952380952382,0.009479109763617998,-0.0186776532190478,0.028156762982665798
e3pSv49Kiww,audienceWatchRatio,45.0,0.8212309820193637,35.0,0.6483402489626555,0.1728907330567082,-0.032757567999999404,-0.017740016000000025,-0.015017551999999379
e3pSv49Kiww,relativeRetentionPerformance,45.0,0.8212309820193637,35.0,0.6483402489626555,0.1728907330567082,-0.019896039999999227,0.027828496000000036,-0.04772453599999926
e3pSv49Kiww,exit_intensity,45.0,0.8212309820193637,35.0,0.6483402489626555,0.1728907330567082,0.010079253483682198,-0.0025498326814116,0.012629086165093797
fWkUYcmsMWE,audienceWatchRatio,5.0,0.1257545271629778,15.0,0.2934272300469484,0.16767270288397057,-0.27371188000000013,-0.08602625600000036,-0.18768562399999977
fWkUYcmsMWE,relativeRetentionPerformance,5.0,0.1257545271629778,15.0,0.2934272300469484,0.16767270288397057,-0.03580348400000011,0.039034627999999905,-0.07483811200000001
fWkUYcmsMWE,exit_intensity,5.0,0.1257545271629778,15.0,0.2934272300469484,0.16767270288397057,0.010558569730432697,-0.005912992520593,0.016471562251025695
fa-E0_RZIso,audienceWatchRatio,5.0,0.1490461049284578,15.0,0.3477742448330683,0.1987281399046105,-0.2599168639999997,-0.08169755200000006,-0.17821931199999963
fa-E0_RZIso,relativeRetentionPerformance,5.0,0.1490461049284578,15.0,0.3477742448330683,0.1987281399046105,-0.05666818399999979,0.037111439999999996,-0.09377962399999978
fa-E0_RZIso,exit_intensity,5.0,0.1490461049284578,15.0,0.3477742448330683,0.1987281399046105,0.0059135067156566995,-0.009119257263916299,0.015032763979572998
g36-pJwdVNo,audienceWatchRatio,5.0,0.1728110599078341,15.0,0.4032258064516129,0.23041474654377878,-0.2545643999999996,-0.11169992000000062,-0.14286447999999896
g36-pJwdVNo,relativeRetentionPerformance,5.0,0.1728110599078341,15.0,0.4032258064516129,0.23041474654377878,-0.0452947999999998,0.027554059999999492,-0.0728488599999993
g36-pJwdVNo,exit_intensity,5.0,0.1728110599078341,15.0,0.4032258064516129,0.23041474654377878,0.013656052985449502,-0.003495659188797901,0.0171517121742474
gX0aEyGs8Gs,audienceWatchRatio,5.0,0.1275944198707043,15.0,0.2977203130316434,0.17012589316093912,-0.27528090400000005,-0.1002294559999996,-0.17505144800000044
gX0aEyGs8Gs,relativeRetentionPerformance,5.0,0.1275944198707043,15.0,0.2977203130316434,0.17012589316093912,-0.07337365599999998,0.0028748780000001917,-0.07624853400000017
gX0aEyGs8Gs,exit_intensity,5.0,0.1275944198707043,15.0,0.2977203130316434,0.17012589316093912,0.0256666002027654,-0.0093082147943186,0.034974814997084
g_plZbPfTOM,audienceWatchRatio,5.0,0.1249167221852098,15.0,0.2914723517654897,0.1665556295802799,-0.1836690000000002,-0.04697730400000022,-0.13669169599999997
g_plZbPfTOM,relativeRetentionPerformance,5.0,0.1249167221852098,15.0,0.2914723517654897,0.1665556295802799,-0.05440937200000007,0.05297689999999977,-0.10738627199999984
g_plZbPfTOM,exit_intensity,5.0,0.1249167221852098,15.0,0.2914723517654897,0.1665556295802799,-0.0084162939291777,-0.0038036868961917004,-0.004612607032986
gyvV25hrQYQ,audienceWatchRatio,45.0,0.8217993079584776,35.0,0.6487889273356402,0.17301038062283736,-0.03512120000000002,-0.011330480000000032,-0.023790719999999987
gyvV25hrQYQ,relativeRetentionPerformance,45.0,0.8217993079584776,35.0,0.6487889273356402,0.17301038062283736,-0.03145189999999992,0.011746479999999893,-0.043198379999999814
gyvV25hrQYQ,exit_intensity,45.0,0.8217993079584776,35.0,0.6487889273356402,0.17301038062283736,0.0061975963808689,0.0015995435426280997,0.004598052838240801
k4lZ_oSJE6U,audienceWatchRatio,45.0,0.7906125166444741,35.0,0.624167776298269,0.16644474034620504,-0.029821807999999228,-0.022403408000000846,-0.007418399999998382
k4lZ_oSJE6U,relativeRetentionPerformance,45.0,0.7906125166444741,35.0,0.624167776298269,0.16644474034620504,-0.09665395999999904,0.053335167999998934,-0.14998912799999797
k4lZ_oSJE6U,exit_intensity,45.0,0.7906125166444741,35.0,0.624167776298269,0.16644474034620504,0.011775287881955499,6.501087748949936e-05,0.011710277004465999
kJfle7C1-jY,audienceWatchRatio,5.0,0.1618472162278808,15.0,0.377643504531722,0.2157962883038412,-0.18516603199999948,-0.015361547999999892,-0.1698044839999996
kJfle7C1-jY,relativeRetentionPerformance,5.0,0.1618472162278808,15.0,0.377643504531722,0.2157962883038412,-0.03471475599999979,0.003267132000000006,-0.0379818879999998
kJfle7C1-jY,exit_intensity,5.0,0.1618472162278808,15.0,0.377643504531722,0.2157962883038412,0.0013320045486452,0.0010694298708609,0.00026257467778429983
kyRKnfNLEK4,audienceWatchRatio,5.0,0.1934984520123839,15.0,0.4514963880288958,0.2579979360165119,-0.246407703999999,-0.06669471200000021,-0.1797129919999988
kyRKnfNLEK4,relativeRetentionPerformance,5.0,0.1934984520123839,15.0,0.4514963880288958,0.2579979360165119,-0.04091310399999959,0.023303927999999807,-0.0642170319999994
kyRKnfNLEK4,exit_intensity,5.0,0.1934984520123839,15.0,0.4514963880288958,0.2579979360165119,0.006309218921340901,-0.0027518845426169995,0.0090611034639579
lYDVJuSs3XQ,audienceWatchRatio,5.0,0.1273344651952462,15.0,0.2971137521222411,0.16977928692699493,-0.18508616,-0.06984128000000045,-0.11524487999999955
lYDVJuSs3XQ,relativeRetentionPerformance,5.0,0.1273344651952462,15.0,0.2971137521222411,0.16977928692699493,-0.0807905000000001,0.006675509999999885,-0.08746600999999998
lYDVJuSs3XQ,exit_intensity,5.0,0.1273344651952462,15.0,0.2971137521222411,0.16977928692699493,0.0022545436464523026,-0.0028204208542431993,0.005074964500695502
lol8jmdWc5s,audienceWatchRatio,40.0,0.7299896942631399,30.0,0.5582274132600481,0.17176228100309177,-0.023413700000000398,-0.025386463999999886,0.0019727639999994884
lol8jmdWc5s,relativeRetentionPerformance,40.0,0.7299896942631399,30.0,0.5582274132600481,0.17176228100309177,0.022985189999999323,0.06031168200000042,-0.0373264920000011
lol8jmdWc5s,exit_intensity,40.0,0.7299896942631399,30.0,0.5582274132600481,0.17176228100309177,-0.006432198490121298,0.0048407179310468,-0.011272916421168098
nFaU1DUPILs,audienceWatchRatio,10.0,0.2093101138647019,20.0,0.3767582049564635,0.1674480910917616,-0.086663727999999,-0.0531349999999996,-0.0335287279999994
nFaU1DUPILs,relativeRetentionPerformance,10.0,0.2093101138647019,20.0,0.3767582049564635,0.1674480910917616,0.023102244000000605,0.01426639200000035,0.008835852000000255
nFaU1DUPILs,exit_intensity,10.0,0.2093101138647019,20.0,0.3767582049564635,0.1674480910917616,-0.0049636396720421985,-0.00034850244253080073,-0.004615137229511398
on0ZqlB2gPI,audienceWatchRatio,5.0,0.1873126873126873,15.0,0.4370629370629371,0.2497502497502498,-0.20348594399999875,-0.04676026399999966,-0.1567256799999991
on0ZqlB2gPI,relativeRetentionPerformance,5.0,0.1873126873126873,15.0,0.4370629370629371,0.2497502497502498,-0.020061659999999315,0.038055840000000174,-0.05811749999999949
on0ZqlB2gPI,exit_intensity,5.0,0.1873126873126873,15.0,0.4370629370629371,0.2497502497502498,0.0006854179029326009,-0.0010841079930437002,0.001769525895976301
riSy38SmSS8,audienceWatchRatio,5.0,0.1406601650412603,15.0,0.3282070517629407,0.18754688672168038,-0.21768447999999951,-0.05701712800000036,-0.16066735199999915
riSy38SmSS8,relativeRetentionPerformance,5.0,0.1406601650412603,15.0,0.3282070517629407,0.18754688672168038,-0.07015692799999979,0.023407619999999907,-0.09356454799999969
riSy38SmSS8,exit_intensity,5.0,0.1406601650412603,15.0,0.3282070517629407,0.18754688672168038,-0.005065673382900801,-0.0016450533172648989,-0.003420620065635902
s9Xxh7MfJG0,audienceWatchRatio,10.0,0.3462603878116343,20.0,0.6232686980609418,0.27700831024930744,-0.12038519999999997,-0.04464357999999957,-0.0757416200000004
s9Xxh7MfJG0,relativeRetentionPerformance,10.0,0.3462603878116343,20.0,0.6232686980609418,0.27700831024930744,0.0029150099999998846,0.08218476000000036,-0.07926975000000047
s9Xxh7MfJG0,exit_intensity,10.0,0.3462603878116343,20.0,0.6232686980609418,0.27700831024930744,-0.0043426531657072,0.002097469900446399,-0.006440123066153599
sV9q8horE8k,audienceWatchRatio,5.0,0.1434583014537107,15.0,0.3347360367253251,0.1912777352716144,-0.3186264799999996,-0.09246052800000032,-0.22616595199999928
sV9q8horE8k,relativeRetentionPerformance,5.0,0.1434583014537107,15.0,0.3347360367253251,0.1912777352716144,-0.06056897199999989,0.029287055999999867,-0.08985602799999975
sV9q8horE8k,exit_intensity,5.0,0.1434583014537107,15.0,0.3347360367253251,0.1912777352716144,0.010953881527663797,-0.0038913049852900006,0.014845186512953797
uqTDH-SDWj8,audienceWatchRatio,15.0,0.4119585687382298,5.0,0.1765536723163842,0.2354048964218456,-0.06047793599999979,-0.40189894399999937,0.3414210079999996
uqTDH-SDWj8,relativeRetentionPerformance,15.0,0.4119585687382298,5.0,0.1765536723163842,0.2354048964218456,0.041773568000000205,0.0029739760000003224,0.03879959199999988
uqTDH-SDWj8,exit_intensity,15.0,0.4119585687382298,5.0,0.1765536723163842,0.2354048964218456,-0.005962437028723799,0.0294694167288935,-0.0354318537576173
wCSAhOV3b4A,audienceWatchRatio,5.0,0.125250501002004,15.0,0.292251169004676,0.16700066800267202,-0.13918264000000002,-0.10348921600000038,-0.03569342399999964
wCSAhOV3b4A,relativeRetentionPerformance,5.0,0.125250501002004,15.0,0.292251169004676,0.16700066800267202,-0.06929028799999998,-0.0047614720000001,-0.06452881599999988
wCSAhOV3b4A,exit_intensity,5.0,0.125250501002004,15.0,0.292251169004676,0.16700066800267202,0.009601303955054999,-0.0102991679325708,0.0199004718876258
wSEok5PelQ8,audienceWatchRatio,5.0,0.1268606224627875,15.0,0.2960081190798376,0.16914749661705009,-0.361199136,-0.12905467200000031,-0.23214446399999966
wSEok5PelQ8,relativeRetentionPerformance,5.0,0.1268606224627875,15.0,0.2960081190798376,0.16914749661705009,-0.025832615999999975,0.05736433599999985,-0.08319695199999982
wSEok5PelQ8,exit_intensity,5.0,0.1268606224627875,15.0,0.2960081190798376,0.16914749661705009,0.0344124028654105,-0.013097580394738004,0.047509983260148506
yJ88j4PbFxo,audienceWatchRatio,5.0,0.1556016597510373,15.0,0.3630705394190871,0.20746887966804983,-0.26405967999999935,-0.07508415999999996,-0.1889755199999994
yJ88j4PbFxo,relativeRetentionPerformance,5.0,0.1556016597510373,15.0,0.3630705394190871,0.20746887966804983,-0.05286733999999971,0.03252791999999999,-0.0853952599999997
yJ88j4PbFxo,exit_intensity,5.0,0.1556016597510373,15.0,0.3630705394190871,0.20746887966804983,0.011341129924081997,-0.005922193178635699,0.017263323102717696
zY6rZV6LyGw,audienceWatchRatio,5.0,0.1948051948051948,15.0,0.4545454545454545,0.2597402597402597,-0.22988349999999913,-0.053929000000000116,-0.17595449999999901
zY6rZV6LyGw,relativeRetentionPerformance,5.0,0.1948051948051948,15.0,0.4545454545454545,0.2597402597402597,-0.0778389999999996,0.033391099999999896,-0.1112300999999995
zY6rZV6LyGw,exit_intensity,5.0,0.1948051948051948,15.0,0.4545454545454545,0.2597402597402597,0.0013265301356680994,-0.0037280440834274,0.0050545742190955
zwy9-DyWZGI,audienceWatchRatio,5.0,0.2973830293417922,15.0,0.6938937351308485,0.3965107057890563,-0.3435747839999994,-0.1570592720000007,-0.18651551199999872
zwy9-DyWZGI,relativeRetentionPerformance,5.0,0.2973830293417922,15.0,0.6938937351308485,0.3965107057890563,-0.027273271999999682,0.04755648599999973,-0.07482975799999941
zwy9-DyWZGI,exit_intensity,5.0,0.2973830293417922,15.0,0.6938937351308485,0.3965107057890563,0.0098917209241953,-0.0038919622076957986,0.013783683131891098
